Close,Close-1,Close-2,Close-3
0.01087378662171221,0.008414239004769206,0.006860840915953176,0.007378641307666713
0.009320388532896177,0.01087378662171221,0.008414239004769206,0.006860840915953176
0.008802589684344934,0.009320388532896177,0.01087378662171221,0.008414239004769206
0.009838187381447424,0.008802589684344934,0.009320388532896177,0.01087378662171221
0.009190938820758367,0.009838187381447424,0.008802589684344934,0.009320388532896177
0.009967637093585235,0.009190938820758367,0.009838187381447424,0.008802589684344934
0.009708737669309613,0.009967637093585235,0.009190938820758367,0.009838187381447424
0.010097086805723045,0.009708737669309613,0.009967637093585235,0.009190938820758367
0.010485437485298777,0.010097086805723045,0.009708737669309613,0.009967637093585235
0.009708737669309613,0.010485437485298777,0.010097086805723045,0.009708737669309613
0.008932039396482745,0.009708737669309613,0.010485437485298777,0.010097086805723045
0.00789644015621796,0.008932039396482745,0.009708737669309613,0.010485437485298777
0.00789644015621796,0.00789644015621796,0.008932039396482745,0.009708737669309613
0.007637540731942338,0.00789644015621796,0.00789644015621796,0.008932039396482745
0.008543688716907017,0.007637540731942338,0.00789644015621796,0.00789644015621796
0.008543688716907017,0.008543688716907017,0.007637540731942338,0.00789644015621796
0.010097086805723045,0.008543688716907017,0.008543688716907017,0.007637540731942338
0.009061489108620556,0.010097086805723045,0.008543688716907017,0.008543688716907017
0.009190938820758367,0.009061489108620556,0.010097086805723045,0.008543688716907017
0.009449838245033992,0.009190938820758367,0.009061489108620556,0.010097086805723045
0.010744336909574399,0.009449838245033992,0.009190938820758367,0.009061489108620556
0.010097086805723045,0.010744336909574399,0.009449838245033992,0.009190938820758367
0.010097086805723045,0.010097086805723045,0.010744336909574399,0.009449838245033992
0.010744336909574399,0.010097086805723045,0.010097086805723045,0.010744336909574399
0.013333332695492917,0.010744336909574399,0.010097086805723045,0.010097086805723045
0.012297734998390427,0.013333332695492917,0.010744336909574399,0.010097086805723045
0.012427184710528238,0.012297734998390427,0.013333332695492917,0.010744336909574399
0.012815533846941674,0.012427184710528238,0.012297734998390427,0.013333332695492917
0.01100323633385002,0.012815533846941674,0.012427184710528238,0.012297734998390427
0.01100323633385002,0.01100323633385002,0.012815533846941674,0.012427184710528238
0.009967637093585235,0.01100323633385002,0.01100323633385002,0.012815533846941674
0.009838187381447424,0.009967637093585235,0.01100323633385002,0.01100323633385002
0.008802589684344934,0.009838187381447424,0.009967637093585235,0.01100323633385002
0.00789644015621796,0.008802589684344934,0.009838187381447424,0.009967637093585235
0.007702265588011244,0.00789644015621796,0.008802589684344934,0.009838187381447424
0.0075080910198045275,0.007702265588011244,0.00789644015621796,0.008802589684344934
0.006343042067401931,0.0075080910198045275,0.007702265588011244,0.00789644015621796
0.006860840915953176,0.006343042067401931,0.0075080910198045275,0.007702265588011244
0.006343042067401931,0.006860840915953176,0.006343042067401931,0.0075080910198045275
0.0066666663477464565,0.006343042067401931,0.006860840915953176,0.006343042067401931
0.008155339580493585,0.0066666663477464565,0.006343042067401931,0.006860840915953176
0.00802588986835577,0.008155339580493585,0.0066666663477464565,0.006343042067401931
0.005566343794575062,0.00802588986835577,0.008155339580493585,0.0066666663477464565
0.005436894082437251,0.005566343794575062,0.00802588986835577,0.008155339580493585
0.004660194266448089,0.005436894082437251,0.005566343794575062,0.00802588986835577
0.001009708834888533,0.004660194266448089,0.005436894082437251,0.005566343794575062
0.0009061495281269729,0.001009708834888533,0.004660194266448089,0.005436894082437251
0.00010356007834270813,0.0009061495281269729,0.001009708834888533,0.004660194266448089
0.0012686090307453025,0.00010356007834270813,0.0009061495281269729,0.001009708834888533
0.0,0.0012686090307453025,0.00010356007834270813,0.0009061495281269729
0.0006860845545440062,0.0,0.0012686090307453025,0.00010356007834270813
0.0007119741883391088,0.0006860845545440062,0.0,0.0012686090307453025
0.00024595537895921726,0.0007119741883391088,0.0006860845545440062,0.0
0.0019158575914343598,0.00024595537895921726,0.0007119741883391088,0.0006860845545440062
0.0015922333110898312,0.0019158575914343598,0.00024595537895921726,0.0007119741883391088
0.0021488673819148787,0.0015922333110898312,0.0019158575914343598,0.00024595537895921726
0.0017993526961941012,0.0021488673819148787,0.0015922333110898312,0.0019158575914343598
0.0018381879184679022,0.0017993526961941012,0.0021488673819148787,0.0015922333110898312
0.002368932355497847,0.0018381879184679022,0.0017993526961941012,0.0021488673819148787
0.0015922333110898312,0.002368932355497847,0.0018381879184679022,0.0017993526961941012
0.001682847800953841,0.0015922333110898312,0.002368932355497847,0.0018381879184679022
0.003236245889769871,0.001682847800953841,0.0015922333110898312,0.002368932355497847
0.0057605183627817795,0.003236245889769871,0.001682847800953841,0.0015922333110898312
0.004789643978585901,0.0057605183627817795,0.003236245889769871,0.001682847800953841
0.005436894082437251,0.004789643978585901,0.0057605183627817795,0.003236245889769871
0.004919093690723712,0.005436894082437251,0.004789643978585901,0.0057605183627817795
0.004660194266448089,0.004919093690723712,0.005436894082437251,0.004789643978585901
0.004660194266448089,0.004660194266448089,0.004919093690723712,0.005436894082437251
0.006213592355264119,0.004660194266448089,0.004660194266448089,0.004919093690723712
0.006731391203815365,0.006213592355264119,0.004660194266448089,0.004660194266448089
0.006343042067401931,0.006731391203815365,0.006213592355264119,0.004660194266448089
0.005825243218850685,0.006343042067401931,0.006731391203815365,0.006213592355264119
0.004789643978585901,0.005825243218850685,0.006343042067401931,0.006731391203815365
0.005436894082437251,0.004789643978585901,0.005825243218850685,0.006343042067401931
0.006472491779539742,0.005436894082437251,0.004789643978585901,0.005825243218850685
0.007766990444080149,0.006472491779539742,0.005436894082437251,0.004789643978585901
0.007637540731942338,0.007766990444080149,0.006472491779539742,0.005436894082437251
0.006601941491677553,0.007637540731942338,0.007766990444080149,0.006472491779539742
0.007249191595528906,0.006601941491677553,0.007637540731942338,0.007766990444080149
0.007249191595528906,0.007249191595528906,0.006601941491677553,0.007637540731942338
0.005436894082437251,0.007249191595528906,0.007249191595528906,0.006601941491677553
0.006084142643126308,0.005436894082437251,0.007249191595528906,0.007249191595528906
0.006472491779539742,0.006084142643126308,0.005436894082437251,0.007249191595528906
0.00802588986835577,0.006472491779539742,0.006084142643126308,0.005436894082437251
0.011521035182401263,0.00802588986835577,0.006472491779539742,0.006084142643126308
0.015533980888160298,0.011521035182401263,0.00802588986835577,0.006472491779539742
0.012168285286252616,0.015533980888160298,0.011521035182401263,0.00802588986835577
0.012297734998390427,0.012168285286252616,0.015533980888160298,0.011521035182401263
0.016051779736711545,0.012297734998390427,0.012168285286252616,0.015533980888160298
0.02110032313957307,0.016051779736711545,0.012297734998390427,0.012168285286252616
0.018511325810492252,0.02110032313957307,0.016051779736711545,0.012297734998390427
0.019935275730332765,0.018511325810492252,0.02110032313957307,0.016051779736711545
0.020453074578884012,0.019935275730332765,0.018511325810492252,0.02110032313957307
0.024336569029342937,0.020453074578884012,0.019935275730332765,0.018511325810492252
0.021747571700262123,0.024336569029342937,0.020453074578884012,0.019935275730332765
0.020582524291021823,0.021747571700262123,0.024336569029342937,0.020453074578884012
0.01682847955270071,0.020582524291021823,0.021747571700262123,0.024336569029342937
0.0190291246590435,0.01682847955270071,0.020582524291021823,0.021747571700262123
0.020194175154608387,0.0190291246590435,0.01682847955270071,0.020582524291021823
0.019288027169643708,0.020194175154608387,0.0190291246590435,0.01682847955270071
0.020970873427435255,0.019288027169643708,0.020194175154608387,0.0190291246590435
0.024077669605067315,0.020970873427435255,0.019288027169643708,0.020194175154608387
0.0227831724836892,0.024077669605067315,0.020970873427435255,0.019288027169643708
0.025631069237045636,0.0227831724836892,0.024077669605067315,0.020970873427435255
0.02524271701430762,0.025631069237045636,0.0227831724836892,0.024077669605067315
0.024854367877894187,0.02524271701430762,0.025631069237045636,0.0227831724836892
0.02550161643858324,0.024854367877894187,0.02524271701430762,0.025631069237045636
0.03171520879384736,0.02550161643858324,0.024854367877894187,0.02524271701430762
0.019805826018194955,0.03171520879384736,0.02550161643858324,0.024854367877894187
0.021229772851710883,0.019805826018194955,0.03171520879384736,0.02550161643858324
0.0214886722759865,0.021229772851710883,0.019805826018194955,0.03171520879384736
0.022006471124537748,0.0214886722759865,0.021229772851710883,0.019805826018194955
0.020970873427435255,0.022006471124537748,0.0214886722759865,0.021229772851710883
0.019935275730332765,0.020970873427435255,0.022006471124537748,0.0214886722759865
0.018899674946905688,0.019935275730332765,0.020970873427435255,0.022006471124537748
0.024077669605067315,0.018899674946905688,0.019935275730332765,0.020970873427435255
0.02524271701430762,0.024077669605067315,0.018899674946905688,0.019935275730332765
0.02226537054881337,0.02524271701430762,0.024077669605067315,0.018899674946905688
0.021747571700262123,0.02226537054881337,0.02524271701430762,0.024077669605067315
0.020064725442470576,0.021747571700262123,0.02226537054881337,0.02524271701430762
0.019288027169643708,0.020064725442470576,0.021747571700262123,0.02226537054881337
0.020323624866746194,0.019288027169643708,0.020064725442470576,0.021747571700262123
0.021877021412399937,0.020323624866746194,0.019288027169643708,0.020064725442470576
0.021229772851710883,0.021877021412399937,0.020323624866746194,0.019288027169643708
0.02239482334727577,0.021229772851710883,0.021877021412399937,0.020323624866746194
0.021229772851710883,0.02239482334727577,0.021229772851710883,0.021877021412399937
0.024466018741480754,0.021229772851710883,0.02239482334727577,0.021229772851710883
0.02213592083667556,0.024466018741480754,0.021229772851710883,0.02239482334727577
0.021747571700262123,0.02213592083667556,0.024466018741480754,0.021229772851710883
0.019805826018194955,0.021747571700262123,0.02213592083667556,0.024466018741480754
0.020711974003159633,0.019805826018194955,0.021747571700262123,0.02213592083667556
0.020841423715297444,0.020711974003159633,0.019805826018194955,0.021747571700262123
0.020323624866746194,0.020841423715297444,0.020711974003159633,0.019805826018194955
0.020453074578884012,0.020323624866746194,0.020841423715297444,0.020711974003159633
0.020841423715297444,0.020453074578884012,0.020323624866746194,0.020841423715297444
0.02135922256384869,0.020841423715297444,0.020453074578884012,0.020323624866746194
0.021877021412399937,0.02135922256384869,0.020841423715297444,0.020453074578884012
0.021229772851710883,0.021877021412399937,0.02135922256384869,0.020841423715297444
0.020323624866746194,0.021229772851710883,0.021877021412399937,0.02135922256384869
0.025760518949183454,0.020323624866746194,0.021229772851710883,0.021877021412399937
0.027443365206975,0.025760518949183454,0.020323624866746194,0.021229772851710883
0.02718446578269938,0.027443365206975,0.025760518949183454,0.020323624866746194
0.024595468453618558,0.02718446578269938,0.027443365206975,0.025760518949183454
0.025760518949183454,0.024595468453618558,0.02718446578269938,0.027443365206975
0.036893203452008985,0.025760518949183454,0.024595468453618558,0.02718446578269938
0.03559870633063088,0.036893203452008985,0.025760518949183454,0.024595468453618558
0.04349514803001113,0.03559870633063088,0.036893203452008985,0.025760518949183454
0.0466019411213186,0.04349514803001113,0.03559870633063088,0.036893203452008985
0.04038834876605449,0.0466019411213186,0.04349514803001113,0.03559870633063088
0.04504854457566486,0.04038834876605449,0.0466019411213186,0.04349514803001113
0.03844659999766273,0.04504854457566486,0.04038834876605449,0.0466019411213186
0.03741100230056024,0.03844659999766273,0.04504854457566486,0.04038834876605449
0.03831715028552492,0.03741100230056024,0.03844659999766273,0.04504854457566486
0.0405177984781923,0.03831715028552492,0.03741100230056024,0.03844659999766273
0.045307443999940494,0.0405177984781923,0.03831715028552492,0.03741100230056024
0.04388349408009998,0.045307443999940494,0.0405177984781923,0.03831715028552492
0.03935275106895199,0.04388349408009998,0.045307443999940494,0.0405177984781923
0.043236245519410924,0.03935275106895199,0.04388349408009998,0.045307443999940494
0.03980582351827203,0.043236245519410924,0.03935275106895199,0.04388349408009998
0.038576052796125124,0.03980582351827203,0.043236245519410924,0.03935275106895199
0.037928801149111485,0.038576052796125124,0.03980582351827203,0.043236245519410924
0.03572815604276869,0.037928801149111485,0.038576052796125124,0.03980582351827203
0.03391585698651474,0.03572815604276869,0.037928801149111485,0.038576052796125124
0.038058250861249296,0.03391585698651474,0.03572815604276869,0.037928801149111485
0.036893203452008985,0.038058250861249296,0.03391585698651474,0.03572815604276869
0.04012944934177887,0.036893203452008985,0.038058250861249296,0.03391585698651474
0.03598705546704431,0.04012944934177887,0.036893203452008985,0.038058250861249296
0.03249191015299882,0.03598705546704431,0.04012944934177887,0.036893203452008985
0.03184465850598517,0.03249191015299882,0.03598705546704431,0.04012944934177887
0.028090613767664054,0.03184465850598517,0.03249191015299882,0.03598705546704431
0.029773463111780193,0.028090613767664054,0.03184465850598517,0.03249191015299882
0.027961164055526243,0.029773463111780193,0.028090613767664054,0.03184465850598517
0.029255664263228943,0.027961164055526243,0.029773463111780193,0.028090613767664054
0.030679611096744868,0.029255664263228943,0.027961164055526243,0.029773463111780193
0.030420711672469247,0.030679611096744868,0.029255664263228943,0.027961164055526243
0.0310679602331583,0.030420711672469247,0.030679611096744868,0.029255664263228943
0.030420711672469247,0.0310679602331583,0.030420711672469247,0.030679611096744868
0.0310679602331583,0.030420711672469247,0.0310679602331583,0.030420711672469247
0.029514563687504564,0.0310679602331583,0.030420711672469247,0.0310679602331583
0.029514563687504564,0.029514563687504564,0.0310679602331583,0.030420711672469247
0.02524271701430762,0.029514563687504564,0.029514563687504564,0.0310679602331583
0.026407767509872507,0.02524271701430762,0.029514563687504564,0.029514563687504564
0.026278317797734697,0.026407767509872507,0.02524271701430762,0.029514563687504564
0.02705501607056156,0.026278317797734697,0.026407767509872507,0.02524271701430762
0.02731391549483719,0.02705501607056156,0.026278317797734697,0.026407767509872507
0.026537217222010318,0.02731391549483719,0.02705501607056156,0.026278317797734697
0.025889968661321264,0.026537217222010318,0.02731391549483719,0.02705501607056156
0.02524271701430762,0.025889968661321264,0.026537217222010318,0.02731391549483719
0.026019418373459075,0.02524271701430762,0.025889968661321264,0.026537217222010318
0.024854367877894187,0.026019418373459075,0.02524271701430762,0.025889968661321264
0.026019418373459075,0.024854367877894187,0.026019418373459075,0.02524271701430762
0.029514563687504564,0.026019418373459075,0.024854367877894187,0.026019418373459075
0.03165048548094074,0.029514563687504564,0.026019418373459075,0.024854367877894187
0.036893203452008985,0.03165048548094074,0.029514563687504564,0.026019418373459075
0.03521035410789286,0.036893203452008985,0.03165048548094074,0.029514563687504564
0.03404530669865255,0.03521035410789286,0.036893203452008985,0.03165048548094074
0.03559870633063088,0.03404530669865255,0.03521035410789286,0.036893203452008985
0.03184465850598517,0.03559870633063088,0.03404530669865255,0.03521035410789286
0.03430420612292817,0.03184465850598517,0.03559870633063088,0.03404530669865255
0.03741100230056024,0.03430420612292817,0.03184465850598517,0.03559870633063088
0.04310679580727311,0.03741100230056024,0.03430420612292817,0.03184465850598517
0.044077667105144394,0.04310679580727311,0.03741100230056024,0.03430420612292817
0.04220064782230844,0.044077667105144394,0.04310679580727311,0.03741100230056024
0.041423946463156974,0.04220064782230844,0.044077667105144394,0.04310679580727311
0.043624594655824356,0.041423946463156974,0.04220064782230844,0.044077667105144394
0.036893203452008985,0.043624594655824356,0.041423946463156974,0.04220064782230844
0.03754045201269804,0.036893203452008985,0.043624594655824356,0.041423946463156974
0.03391585698651474,0.03754045201269804,0.036893203452008985,0.043624594655824356
0.034174756410790375,0.03391585698651474,0.03754045201269804,0.036893203452008985
0.036893203452008985,0.034174756410790375,0.03391585698651474,0.03754045201269804
0.03754045201269804,0.036893203452008985,0.034174756410790375,0.03391585698651474
0.04012944934177887,0.03754045201269804,0.036893203452008985,0.034174756410790375
0.038834952220400745,0.04012944934177887,0.03754045201269804,0.036893203452008985
0.036893203452008985,0.038834952220400745,0.04012944934177887,0.03754045201269804
0.03624595489131993,0.036893203452008985,0.038834952220400745,0.04012944934177887
0.03818770057338711,0.03624595489131993,0.036893203452008985,0.038834952220400745
0.0394822007810898,0.03818770057338711,0.03624595489131993,0.036893203452008985
0.04310679580727311,0.0394822007810898,0.03818770057338711,0.03624595489131993
0.04466019235292684,0.04310679580727311,0.0394822007810898,0.03818770057338711
0.0703559864460414,0.04466019235292684,0.04310679580727311,0.0394822007810898
0.059546924680398086,0.0703559864460414,0.04466019235292684,0.04310679580727311
0.0692556623497077,0.059546924680398086,0.0703559864460414,0.04466019235292684
0.0691909359504765,0.0692556623497077,0.059546924680398086,0.0703559864460414
0.08517799237428143,0.0691909359504765,0.0692556623497077,0.059546924680398086
0.07974109829184418,0.08517799237428143,0.0691909359504765,0.0692556623497077
0.08323624360588967,0.07974109829184418,0.08517799237428143,0.0691909359504765
0.07249190823947757,0.08323624360588967,0.07974109829184418,0.08517799237428143
0.10097086960039277,0.07249190823947757,0.08323624360588967,0.07974109829184418
0.10563107158265232,0.10097086960039277,0.07249190823947757,0.08323624360588967
0.10174757404586882,0.10563107158265232,0.10097086960039277,0.07249190823947757
0.11663430020069088,0.10174757404586882,0.10563107158265232,0.10097086960039277
0.12103559658602564,0.11663430020069088,0.10174757404586882,0.10563107158265232
0.1291909377096815,0.12103559658602564,0.11663430020069088,0.10174757404586882
0.1193527472419095,0.1291909377096815,0.12103559658602564,0.11663430020069088
0.10614887043120357,0.1193527472419095,0.1291909377096815,0.12103559658602564
0.11249190941228092,0.10614887043120357,0.1193527472419095,0.1291909377096815
0.10368931664161139,0.11249190941228092,0.10614887043120357,0.1193527472419095
0.10990291516952469,0.10368931664161139,0.11249190941228092,0.10614887043120357
0.1233656975771554,0.10990291516952469,0.10368931664161139,0.11249190941228092
0.13087378705379765,0.1233656975771554,0.10990291516952469,0.10368931664161139
0.12614887101760525,0.13087378705379765,0.1233656975771554,0.10990291516952469
0.12168284823303929,0.12614887101760525,0.13087378705379765,0.1233656975771554
0.13449837899365638,0.12168284823303929,0.12614887101760525,0.13087378705379765
0.18116505114369305,0.13449837899365638,0.12168284823303929,0.12614887101760525
0.17165048032677868,0.18116505114369305,0.13449837899365638,0.12168284823303929
0.16142394380891784,0.17165048032677868,0.18116505114369305,0.13449837899365638
0.19417474875670537,0.16142394380891784,0.17165048032677868,0.18116505114369305
0.19598705089928392,0.19417474875670537,0.16142394380891784,0.17165048032677868
0.2150161801878143,0.19598705089928392,0.19417474875670537,0.16142394380891784
0.21152102870111963,0.2150161801878143,0.19598705089928392,0.19417474875670537
0.2049190841231175,0.21152102870111963,0.2150161801878143,0.19598705089928392
0.22990290634263635,0.2049190841231175,0.21152102870111963,0.2150161801878143
0.24116505290289805,0.22990290634263635,0.2049190841231175,0.21152102870111963
0.28569577856890177,0.24116505290289805,0.22990290634263635,0.2049190841231175
0.335792875806402,0.28569577856890177,0.24116505290289805,0.22990290634263635
0.2846601808717994,0.335792875806402,0.28569577856890177,0.24116505290289805
0.30498380110905865,0.2846601808717994,0.335792875806402,0.28569577856890177
0.3007119575221863,0.30498380110905865,0.2846601808717994,0.335792875806402
0.36569578091450855,0.3007119575221863,0.30498380110905865,0.2846601808717994
0.3253074460369147,0.36569578091450855,0.3007119575221863,0.30498380110905865
0.3177993565602725,0.3253074460369147,0.36569578091450855,0.3007119575221863
0.2800000035801365,0.3177993565602725,0.3253074460369147,0.36569578091450855
0.24207119780153816,0.2800000035801365,0.3177993565602725,0.3253074460369147
0.2630420573405127,0.24207119780153816,0.2800000035801365,0.3177993565602725
0.2462135885899481,0.2630420573405127,0.24207119780153816,0.2800000035801365
0.24168283940615096,0.2462135885899481,0.2630420573405127,0.24207119780153816
0.2236893201600214,0.24168283940615096,0.2462135885899481,0.2630420573405127
0.24957928727818038,0.2236893201600214,0.24168283940615096,0.2462135885899481
0.257216829553285,0.24957928727818038,0.2236893201600214,0.24168283940615096
0.25022652657989564,0.257216829553285,0.24957928727818038,0.2236893201600214
0.2697734547169773,0.25022652657989564,0.257216829553285,0.24957928727818038
0.28737864025831633,0.2697734547169773,0.25022652657989564,0.257216829553285
0.29035598055116135,0.28737864025831633,0.2697734547169773,0.25022652657989564
0.2942394657426466,0.29035598055116135,0.28737864025831633,0.2697734547169773
0.4160517837489335,0.2942394657426466,0.29035598055116135,0.28737864025831633
0.5075728135611299,0.4160517837489335,0.2942394657426466,0.29035598055116135
0.46485437769240634,0.5075728135611299,0.4160517837489335,0.2942394657426466
0.5493851045312135,0.46485437769240634,0.5075728135611299,0.4160517837489335
0.629514534984686,0.5493851045312135,0.46485437769240634,0.5075728135611299
0.7618122827604601,0.629514534984686,0.5493851045312135,0.46485437769240634
1.0,0.7618122827604601,0.629514534984686,0.5493851045312135
0.7945630753629493,1.0,0.7618122827604601,0.629514534984686
0.9149514619673432,0.7945630753629493,1.0,0.7618122827604601
0.8299029239346865,0.9149514619673432,0.7945630753629493,1.0
0.6233009488020709,0.8299029239346865,0.9149514619673432,0.7945630753629493
0.6682200575540587,0.6233009488020709,0.8299029239346865,0.9149514619673432
0.582783136435418,0.6682200575540587,0.6233009488020709,0.8299029239346865
0.5577993635970925,0.582783136435418,0.6682200575540587,0.6233009488020709
0.6854368600094137,0.5577993635970925,0.582783136435418,0.6682200575540587
0.6271844339935561,0.6854368600094137,0.5577993635970925,0.582783136435418
0.6332685920683053,0.6271844339935561,0.6854368600094137,0.5577993635970925
0.5649190946783476,0.6332685920683053,0.6271844339935561,0.6854368600094137
0.5132685885498953,0.5649190946783476,0.6332685920683053,0.6271844339935561
0.4961812142024059,0.5132685885498953,0.5649190946783476,0.6332685920683053
0.666796101461569,0.4961812142024059,0.5132685885498953,0.5649190946783476
0.7229773320832217,0.666796101461569,0.4961812142024059,0.5132685885498953
0.8111326878977826,0.7229773320832217,0.666796101461569,0.4961812142024059
0.8046601961182428,0.8111326878977826,0.7229773320832217,0.666796101461569
0.8126860720981379,0.8046601961182428,0.8111326878977826,0.7229773320832217
0.7291909182658366,0.8126860720981379,0.8046601961182428,0.8111326878977826
0.8296439689565683,0.7291909182658366,0.8126860720981379,0.8046601961182428
0.7707443036389953,0.8296439689565683,0.7291909182658366,0.8126860720981379
0.7766990336058789,0.7707443036389953,0.8296439689565683,0.7291909182658366
0.7166342684115476,0.7766990336058789,0.7707443036389953,0.8296439689565683
0.6403883231495604,0.7166342684115476,0.7766990336058789,0.7707443036389953
0.5833009476292675,0.6403883231495604,0.7166342684115476,0.7766990336058789
0.6151455953331167,0.5833009476292675,0.6403883231495604,0.7166342684115476
0.6157928840160254,0.6151455953331167,0.5833009476292675,0.6403883231495604
0.6115210157385563,0.6157928840160254,0.6151455953331167,0.5833009476292675
0.6583818423956899,0.6115210157385563,0.6157928840160254,0.6151455953331167
0.6811650411131381,0.6583818423956899,0.6115210157385563,0.6157928840160254
0.6651132397721545,0.6811650411131381,0.6583818423956899,0.6115210157385563
0.7281553452593308,0.6651132397721545,0.6811650411131381,0.6583818423956899
0.6919093517889534,0.7281553452593308,0.6651132397721545,0.6811650411131381
0.6177346019211712,0.6919093517889534,0.7281553452593308,0.6651132397721545
0.6330096864713806,0.6177346019211712,0.6919093517889534,0.7281553452593308
0.6340453088590797,0.6330096864713806,0.6177346019211712,0.6919093517889534
0.6586407479926149,0.6340453088590797,0.6330096864713806,0.6177346019211712
0.758705464978556,0.6586407479926149,0.6340453088590797,0.6330096864713806
0.6409061343434099,0.758705464978556,0.6586407479926149,0.6340453088590797
0.6143689279235357,0.6409061343434099,0.758705464978556,0.6586407479926149
0.569449819171548,0.6143689279235357,0.6409061343434099,0.758705464978556
0.521035608314059,0.569449819171548,0.6143689279235357,0.6409061343434099
0.4907443448105653,0.521035608314059,0.569449819171548,0.6143689279235357
0.5263430495980339,0.4907443448105653,0.521035608314059,0.569449819171548
0.46394823279376624,0.5263430495980339,0.4907443448105653,0.521035608314059
0.4897087224228661,0.46394823279376624,0.5263430495980339,0.4907443448105653
0.5209061308249999,0.4897087224228661,0.46394823279376624,0.5263430495980339
0.5161165007348747,0.5209061308249999,0.4897087224228661,0.46394823279376624
0.560258892696088,0.5161165007348747,0.5209061308249999,0.4897087224228661
0.5136569716358792,0.560258892696088,0.5161165007348747,0.5209061308249999
0.5330744469744985,0.5136569716358792,0.560258892696088,0.5161165007348747
0.5092556752505444,0.5330744469744985,0.5136569716358792,0.560258892696088
0.4779287893593515,0.5092556752505444,0.5330744469744985,0.5136569716358792
0.46563104510198733,0.4779287893593515,0.5092556752505444,0.5330744469744985
0.4245954709226782,0.46563104510198733,0.4779287893593515,0.5092556752505444
0.4238187541319038,0.4245954709226782,0.46563104510198733,0.4779287893593515
0.3792880284659,0.4238187541319038,0.4245954709226782,0.46563104510198733
0.3782524307687975,0.3792880284659,0.4238187541319038,0.4245954709226782
0.3348867309077619,0.3782524307687975,0.3792880284659,0.4238187541319038
0.2793527395878245,0.3348867309077619,0.3782524307687975,0.3792880284659
0.32841423912822215,0.2793527395878245,0.3348867309077619,0.3782524307687975
0.30627830440308595,0.32841423912822215,0.2793527395878245,0.3348867309077619
0.3224595338519353,0.30627830440308595,0.32841423912822215,0.2793527395878245
0.3040776562104186,0.3224595338519353,0.30627830440308595,0.32841423912822215
0.3045954674042682,0.3040776562104186,0.3224595338519353,0.30627830440308595
0.28724918745985395,0.3045954674042682,0.3040776562104186,0.3224595338519353
0.32750809422958205,0.28724918745985395,0.3045954674042682,0.3040776562104186
0.3170226397694981,0.32750809422958205,0.28724918745985395,0.3045954674042682
0.3493850986671968,0.3170226397694981,0.32750809422958205,0.28724918745985395
0.36051779242899606,0.3493850986671968,0.3170226397694981,0.32750809422958205
0.34278315408919463,0.36051779242899606,0.3493850986671968,0.3170226397694981
0.3699676245013809,0.34278315408919463,0.36051779242899606,0.3493850986671968
0.38032362616300247,0.3699676245013809,0.34278315408919463,0.36051779242899606
0.35766990493461337,0.38032362616300247,0.3699676245013809,0.34278315408919463
0.36893202680427845,0.35766990493461337,0.38032362616300247,0.3699676245013809
0.364660183217406,0.36893202680427845,0.35766990493461337,0.38032362616300247
0.354821992749634,0.364660183217406,0.36893202680427845,0.35766990493461337
0.3981876926106696,0.354821992749634,0.364660183217406,0.36893202680427845
0.40116503290351474,0.3981876926106696,0.354821992749634,0.364660183217406
0.393268609722082,0.40116503290351474,0.3981876926106696,0.354821992749634
0.44983819873912184,0.393268609722082,0.40116503290351474,0.3981876926106696
0.44543690235378713,0.44983819873912184,0.393268609722082,0.40116503290351474
0.4343042085919878,0.44543690235378713,0.44983819873912184,0.393268609722082
0.4355986871954184,0.4343042085919878,0.44543690235378713,0.44983819873912184
0.40815533587690406,0.4355986871954184,0.4343042085919878,0.44543690235378713
0.40025888800487464,0.40815533587690406,0.4355986871954184,0.4343042085919878
0.40880257517861934,0.40025888800487464,0.40815533587690406,0.4355986871954184
0.41203882106838924,0.40880257517861934,0.40025888800487464,0.40815533587690406
0.431974107600858,0.41203882106838924,0.40880257517861934,0.40025888800487464
0.41838188474006327,0.431974107600858,0.41203882106838924,0.40880257517861934
0.459935270113222,0.41838188474006327,0.431974107600858,0.41203882106838924
0.4810356071412557,0.459935270113222,0.41838188474006327,0.431974107600858
0.47922326796278214,0.4810356071412557,0.459935270113222,0.41838188474006327
0.46032360381801246,0.47922326796278214,0.4810356071412557,0.459935270113222
0.4605825094149373,0.46032360381801246,0.47922326796278214,0.4810356071412557
0.45022653244391236,0.4605825094149373,0.46032360381801246,0.47922326796278214
0.45035596055177807,0.45022653244391236,0.4605825094149373,0.46032360381801246
0.42809062240937285,0.45035596055177807,0.45022653244391236,0.4605825094149373
0.41656959494278306,0.42809062240937285,0.45035596055177807,0.45022653244391236
0.3980582398122073,0.41656959494278306,0.42809062240937285,0.45035596055177807
0.380711959867793,0.3980582398122073,0.41656959494278306,0.42809062240937285
0.361682842924561,0.380711959867793,0.3980582398122073,0.41656959494278306
0.35689318814383897,0.361682842924561,0.380711959867793,0.3980582398122073
0.3447249213755339,0.35689318814383897,0.361682842924561,0.380711959867793
0.32763752233744775,0.3447249213755339,0.35689318814383897,0.361682842924561
0.3262135909355548,0.32763752233744775,0.3447249213755339,0.35689318814383897
0.36906147960274077,0.3262135909355548,0.32763752233744775,0.3447249213755339
0.36530744720971803,0.36906147960274077,0.3262135909355548,0.32763752233744775
0.35533980394348363,0.36530744720971803,0.36906147960274077,0.3262135909355548
0.4317152020039332,0.35533980394348363,0.36530744720971803,0.36906147960274077
0.40116503290351474,0.4317152020039332,0.35533980394348363,0.36530744720971803
0.41825240725100415,0.40116503290351474,0.4317152020039332,0.35533980394348363
0.404530731591747,0.41825240725100415,0.40116503290351474,0.4317152020039332
0.41812297914313845,0.404530731591747,0.41825240725100415,0.40116503290351474
0.4245954709226782,0.41812297914313845,0.404530731591747,0.41825240725100415
0.3990938375093097,0.4245954709226782,0.41812297914313845,0.404530731591747
0.4150161613612343,0.3990938375093097,0.4245954709226782,0.41812297914313845
0.4264077607199584,0.4150161613612343,0.3990938375093097,0.4245954709226782
0.4442718518582222,0.4264077607199584,0.4150161613612343,0.3990938375093097
0.48129451273818047,0.4442718518582222,0.4264077607199584,0.4150161613612343
0.48983819991192523,0.48129451273818047,0.4442718518582222,0.4264077607199584
0.480388318458347,0.48983819991192523,0.48129451273818047,0.4442718518582222
0.468349529179101,0.480388318458347,0.48983819991192523,0.48129451273818047
0.4551456400230967,0.468349529179101,0.480388318458347,0.48983819991192523
0.45540454562002153,0.4551456400230967,0.468349529179101,0.480388318458347
0.4156634006629496,0.45540454562002153,0.4551456400230967,0.468349529179101
0.40440127879328464,0.4156634006629496,0.45540454562002153,0.4551456400230967
0.40686085727347343,0.40440127879328464,0.4156634006629496,0.45540454562002153
0.43598707028140227,0.40686085727347343,0.40440127879328464,0.4156634006629496
0.45411001763539754,0.43598707028140227,0.40686085727347343,0.40440127879328464
0.4787055061501259,0.45411001763539754,0.43598707028140227,0.40686085727347343
0.4798705566456908,0.4787055061501259,0.45411001763539754,0.43598707028140227
0.4612297487166527,0.4798705566456908,0.4787055061501259,0.45411001763539754
0.490873772918431,0.4612297487166527,0.4798705566456908,0.4787055061501259
0.479611651048766,0.490873772918431,0.4612297487166527,0.4798705566456908
0.4746925434695817,0.479611651048766,0.490873772918431,0.4612297487166527
0.46407766090163194,0.4746925434695817,0.479611651048766,0.490873772918431
0.4570873579282426,0.46407766090163194,0.4746925434695817,0.479611651048766
0.4372815488848329,0.4570873579282426,0.46407766090163194,0.4746925434695817
0.40724919097826395,0.4372815488848329,0.4570873579282426,0.46407766090163194
0.38491908940073255,0.40724919097826395,0.4372815488848329,0.4570873579282426
0.39741100051049194,0.38491908940073255,0.40724919097826395,0.4372815488848329
0.37501618487902766,0.39741100051049194,0.38491908940073255,0.40724919097826395
0.370873769400021,0.37501618487902766,0.39741100051049194,0.38491908940073255
0.3649190888143308,0.370873769400021,0.37501618487902766,0.39741100051049194
0.3842071113544876,0.3649190888143308,0.370873769400021,0.37501618487902766
0.37177993898925776,0.3842071113544876,0.3649190888143308,0.370873769400021
0.370873769400021,0.37177993898925776,0.3842071113544876,0.3649190888143308
0.3479611672653038,0.370873769400021,0.37177993898925776,0.3842071113544876
0.34576051907263633,0.3479611672653038,0.370873769400021,0.37177993898925776
0.36349513272184114,0.34576051907263633,0.3479611672653038,0.370873769400021
0.3720388198955859,0.36349513272184114,0.34576051907263633,0.3479611672653038
0.3531391557508162,0.3720388198955859,0.36349513272184114,0.34576051907263633
0.35106796035661125,0.3531391557508162,0.3720388198955859,0.36349513272184114
0.3253074460369147,0.35106796035661125,0.3531391557508162,0.3720388198955859
0.3135275129734001,0.3253074460369147,0.35106796035661125,0.3531391557508162
0.3242718483398122,0.3135275129734001,0.3253074460369147,0.35106796035661125
0.32944983682532464,0.3242718483398122,0.3135275129734001,0.3253074460369147
0.31844659586198776,0.32944983682532464,0.3242718483398122,0.3135275129734001
0.3325566299166321,0.31844659586198776,0.32944983682532464,0.3242718483398122
0.33605178140332675,0.3325566299166321,0.31844659586198776,0.32944983682532464
0.32970874242224946,0.33605178140332675,0.3325566299166321,0.31844659586198776
0.3259546853386299,0.32970874242224946,0.33605178140332675,0.3325566299166321
0.34925564586873437,0.3259546853386299,0.32970874242224946,0.33605178140332675
0.32181229455022003,0.34925564586873437,0.3259546853386299,0.32970874242224946
0.32349513154903786,0.32181229455022003,0.34925564586873437,0.3259546853386299
0.32970874242224946,0.32349513154903786,0.32181229455022003,0.34925564586873437
0.35210355805371374,0.32970874242224946,0.32349513154903786,0.32181229455022003
0.3773462611795607,0.35210355805371374,0.32970874242224946,0.32349513154903786
0.39067960313402733,0.3773462611795607,0.35210355805371374,0.32970874242224946
0.3985760510060568,0.39067960313402733,0.3773462611795607,0.35210355805371374
0.37268608388789787,0.3985760510060568,0.39067960313402733,0.3773462611795607
0.35766990493461337,0.37268608388789787,0.3985760510060568,0.39067960313402733
0.37462782648364046,0.35766990493461337,0.37268608388789787,0.3985760510060568
0.3597411003288184,0.37462782648364046,0.35766990493461337,0.37268608388789787
0.335792875806402,0.3597411003288184,0.37462782648364046,0.35766990493461337
0.3480906200637662,0.335792875806402,0.3597411003288184,0.37462782648364046
0.3439482045847595,0.3480906200637662,0.335792875806402,0.3597411003288184
0.3552103511450212,0.3439482045847595,0.3480906200637662,0.335792875806402
0.404530731591747,0.3552103511450212,0.3439482045847595,0.3480906200637662
0.4156634006629496,0.404530731591747,0.3552103511450212,0.3439482045847595
0.4151456388502934,0.4156634006629496,0.404530731591747,0.3552103511450212
0.39922329030777215,0.4151456388502934,0.4156634006629496,0.404530731591747
0.4665371900006273,0.39922329030777215,0.4151456388502934,0.4156634006629496
0.5075728135611299,0.4665371900006273,0.39922329030777215,0.4151456388502934
0.46394823279376624,0.5075728135611299,0.4665371900006273,0.39922329030777215
0.503300945283661,0.46394823279376624,0.5075728135611299,0.4665371900006273
0.5636245666937235,0.503300945283661,0.46394823279376624,0.5075728135611299
0.536440120972134,0.5636245666937235,0.503300945283661,0.46394823279376624
0.4692556740777411,0.536440120972134,0.5636245666937235,0.503300945283661
0.4482847651575731,0.4692556740777411,0.536440120972134,0.5636245666937235
0.426925571913808,0.4482847651575731,0.4692556740777411,0.536440120972134
0.459935270113222,0.426925571913808,0.4482847651575731,0.4692556740777411
0.4245954709226782,0.459935270113222,0.426925571913808,0.4482847651575731
0.4592880308115067,0.4245954709226782,0.459935270113222,0.426925571913808
0.4705501526811717,0.4592880308115067,0.4245954709226782,0.459935270113222
0.4436245631753135,0.4705501526811717,0.4592880308115067,0.4245954709226782
0.47533978277129696,0.4436245631753135,0.4705501526811717,0.4592880308115067
0.47533978277129696,0.47533978277129696,0.4436245631753135,0.4705501526811717
0.45242715594598304,0.47533978277129696,0.47533978277129696,0.4436245631753135
0.41838188474006327,0.45242715594598304,0.47533978277129696,0.47533978277129696
0.36233008222627633,0.41838188474006327,0.45242715594598304,0.47533978277129696
0.35585759044673654,0.36233008222627633,0.41838188474006327,0.45242715594598304
0.3757928769792053,0.35585759044673654,0.36233008222627633,0.41838188474006327
0.37139158059387056,0.3757928769792053,0.35585759044673654,0.36233008222627633
0.3346278253108371,0.37139158059387056,0.3757928769792053,0.35585759044673654
0.32815533353129733,0.3346278253108371,0.37139158059387056,0.3757928769792053
0.30705502119386036,0.32815533353129733,0.3346278253108371,0.37139158059387056
0.31430420507357776,0.30705502119386036,0.32815533353129733,0.3346278253108371
0.32647249653247956,0.31430420507357776,0.30705502119386036,0.32815533353129733
0.3007119575221863,0.32647249653247956,0.31430420507357776,0.30705502119386036
0.2924271759453664,0.3007119575221863,0.32647249653247956,0.31430420507357776
0.28310679667144395,0.2924271759453664,0.3007119575221863,0.32647249653247956
0.3029126057148537,0.28310679667144395,0.2924271759453664,0.3007119575221863
0.2973462835245507,0.3029126057148537,0.28310679667144395,0.2924271759453664
0.323883489944425,0.2973462835245507,0.3029126057148537,0.28310679667144395
0.3262135909355548,0.323883489944425,0.2973462835245507,0.3029126057148537
0.2977346172293413,0.3262135909355548,0.323883489944425,0.2973462835245507
0.2893203828540589,0.2977346172293413,0.3262135909355548,0.323883489944425
0.29579287463359866,0.2893203828540589,0.2977346172293413,0.3262135909355548
0.2806472428818517,0.29579287463359866,0.2893203828540589,0.2977346172293413
0.28595468416582664,0.2806472428818517,0.29579287463359866,0.2893203828540589
0.30718444930172606,0.28595468416582664,0.2806472428818517,0.29579287463359866
0.269126215415262,0.30718444930172606,0.28595468416582664,0.2806472428818517
0.2566990183594354,0.269126215415262,0.30718444930172606,0.28595468416582664
0.25514563415908,0.2566990183594354,0.269126215415262,0.30718444930172606
0.2516504826723853,0.25514563415908,0.2566990183594354,0.269126215415262
0.2616181259386197,0.2516504826723853,0.25514563415908,0.2566990183594354
0.26511325273471775,0.2616181259386197,0.2516504826723853,0.25514563415908
0.2524271747725631,0.26511325273471775,0.2616181259386197,0.2516504826723853
0.25928802494749,0.2524271747725631,0.26511325273471775,0.2616181259386197
0.23365696342625583,0.25928802494749,0.2524271747725631,0.26511325273471775
0.21799352048065937,0.23365696342625583,0.25928802494749,0.2524271747725631
0.21773461488373458,0.21799352048065937,0.23365696342625583,0.25928802494749
0.18569578798219186,0.21773461488373458,0.21799352048065937,0.23365696342625583
0.18744336372553919,0.18569578798219186,0.21773461488373458,0.21799352048065937
0.18110032474446186,0.18744336372553919,0.18569578798219186,0.21773461488373458
0.17708737440921596,0.18110032474446186,0.18744336372553919,0.18569578798219186
0.1656957873957902,0.17708737440921596,0.18110032474446186,0.18744336372553919
0.18187701684463956,0.1656957873957902,0.17708737440921596,0.18110032474446186
0.1979287934950265,0.18187701684463956,0.1656957873957902,0.17708737440921596
0.20763754350963445,0.1979287934950265,0.18187701684463956,0.1656957873957902
0.19313915105960291,0.20763754350963445,0.1979287934950265,0.18187701684463956
0.18304206734020442,0.19313915105960291,0.20763754350963445,0.1979287934950265
0.20608413461868239,0.18304206734020442,0.19313915105960291,0.20763754350963445
0.22071197986717633,0.20608413461868239,0.18304206734020442,0.19313915105960291
0.22834952214228096,0.22071197986717633,0.20608413461868239,0.18304206734020442
0.2459546829930234,0.22834952214228096,0.22071197986717633,0.20608413461868239
0.24103560010443567,0.2459546829930234,0.22834952214228096,0.22071197986717633
0.22938511983938348,0.24103560010443567,0.2459546829930234,0.22834952214228096
0.22355986736155903,0.22938511983938348,0.24103560010443567,0.2459546829930234
0.24699028069012582,0.22355986736155903,0.22938511983938348,0.24103560010443567
0.24517799089284562,0.24699028069012582,0.22355986736155903,0.22938511983938348
0.22148867196735403,0.24517799089284562,0.24699028069012582,0.22355986736155903
0.21126212310419484,0.22148867196735403,0.24517799089284562,0.24699028069012582
0.1980582462934889,0.21126212310419484,0.22148867196735403,0.24517799089284562
0.18666665928006318,0.1980582462934889,0.21126212310419484,0.22148867196735403
0.2019417438302724,0.18666665928006318,0.1980582462934889,0.21126212310419484
0.2015533854348852,0.2019417438302724,0.18666665928006318,0.1980582462934889
0.2146278217924271,0.2015533854348852,0.2019417438302724,0.18666665928006318
0.21812297327912178,0.2146278217924271,0.2015533854348852,0.2019417438302724
0.22110031357196686,0.21812297327912178,0.2146278217924271,0.2015533854348852
0.1983171518904137,0.22110031357196686,0.21812297327912178,0.2146278217924271
0.18472491668432053,0.1983171518904137,0.22110031357196686,0.21812297327912178
0.18511326273440942,0.18472491668432053,0.1983171518904137,0.22110031357196686
0.18705501767545038,0.18511326273440942,0.18472491668432053,0.1983171518904137
0.20957928610537704,0.18705501767545038,0.18511326273440942,0.18472491668432053
0.2053074425185047,0.20957928610537704,0.18705501767545038,0.18511326273440942
0.1875728165240016,0.2053074425185047,0.20957928610537704,0.18705501767545038
0.17488672621654855,0.1875728165240016,0.2053074425185047,0.20957928610537704
0.18459546388585818,0.17488672621654855,0.1875728165240016,0.2053074425185047
0.2037540336275526,0.18459546388585818,0.17488672621654855,0.1875728165240016
0.23016181193956117,0.2037540336275526,0.18459546388585818,0.17488672621654855
0.24440129879266795,0.23016181193956117,0.2037540336275526,0.18459546388585818
0.24556634928823282,0.24440129879266795,0.23016181193956117,0.2037540336275526
0.2601941698461301,0.24556634928823282,0.24440129879266795,0.23016181193956117
0.26135922034169495,0.2601941698461301,0.24556634928823282,0.24440129879266795
0.2704207187092893,0.26135922034169495,0.2601941698461301,0.24556634928823282
0.2603236226445925,0.2704207187092893,0.26135922034169495,0.2601941698461301
0.28750809305677866,0.2603236226445925,0.2704207187092893,0.26135922034169495
0.2893203828540589,0.28750809305677866,0.2603236226445925,0.2704207187092893
0.27689321048882903,0.2893203828540589,0.28750809305677866,0.2603236226445925
0.26563106392856733,0.27689321048882903,0.2893203828540589,0.28750809305677866
0.25993526424920527,0.26563106392856733,0.27689321048882903,0.2893203828540589
0.25941747774595236,0.25993526424920527,0.26563106392856733,0.27689321048882903
0.24051778891058606,0.25941747774595236,0.25993526424920527,0.26563106392856733
0.22019416867332675,0.24051778891058606,0.25941747774595236,0.25993526424920527
0.2170873755820193,0.22019416867332675,0.24051778891058606,0.25941747774595236
0.20750809071117207,0.2170873755820193,0.22019416867332675,0.24051778891058606
0.19754044744493765,0.20750809071117207,0.2170873755820193,0.22019416867332675
0.19184466011087395,0.19754044744493765,0.20750809071117207,0.2170873755820193
0.19883495073896496,0.19184466011087395,0.19754044744493765,0.20750809071117207
0.18537216833133421,0.19883495073896496,0.19184466011087395,0.19754044744493765
0.18304206734020442,0.18537216833133421,0.19883495073896496,0.19184466011087395
0.18420711783576932,0.18304206734020442,0.18537216833133421,0.19883495073896496
0.17216827917532992,0.18420711783576932,0.18304206734020442,0.18537216833133421
0.15728155302050786,0.17216827917532992,0.18420711783576932,0.18304206734020442
0.14498382110844205,0.15728155302050786,0.17216827917532992,0.18420711783576932
0.14744336255273585,0.14498382110844205,0.15728155302050786,0.17216827917532992
0.13501617784220765,0.14744336255273585,0.14498382110844205,0.15728155302050786
0.13372167454818032,0.13501617784220765,0.14744336255273585,0.14498382110844205
0.13320387569962908,0.13372167454818032,0.13501617784220765,0.14744336255273585
0.12284789872860416,0.13320387569962908,0.13372167454818032,0.13501617784220765
0.13359223409501628,0.12284789872860416,0.13320387569962908,0.13372167454818032
0.13190938475090014,0.13359223409501628,0.12284789872860416,0.13320387569962908
0.14135921682328498,0.13190938475090014,0.13359223409501628,0.12284789872860416
0.12349513803031947,0.14135921682328498,0.13190938475090014,0.13359223409501628
0.1144336520080235,0.12349513803031947,0.14135921682328498,0.13190938475090014
0.0908737858809943,0.1144336520080235,0.12349513803031947,0.14135921682328498
0.08906148991106495,0.0908737858809943,0.1144336520080235,0.12349513803031947
0.0801294505145822,0.08906148991106495,0.0908737858809943,0.1144336520080235
0.08621359007138393,0.0801294505145822,0.08906148991106495,0.0908737858809943
0.09475727724512865,0.08621359007138393,0.0801294505145822,0.08906148991106495
0.08466019352573019,0.09475727724512865,0.08621359007138393,0.0801294505145822
0.09022653423398067,0.08466019352573019,0.09475727724512865,0.08621359007138393
0.08129449483749793,0.09022653423398067,0.08466019352573019,0.09475727724512865
0.08388349525290333,0.08129449483749793,0.09022653423398067,0.08466019352573019
0.0801294505145822,0.08388349525290333,0.08129449483749793,0.09022653423398067
0.08038834993885782,0.0801294505145822,0.08388349525290333,0.08129449483749793
0.07275080766375319,0.08038834993885782,0.0801294505145822,0.08388349525290333
0.07482200305795818,0.07275080766375319,0.08038834993885782,0.0801294505145822
0.0787055005947417,0.07482200305795818,0.07275080766375319,0.08038834993885782
0.08530743900009466,0.0787055005947417,0.07482200305795818,0.07275080766375319
0.08466019352573019,0.08530743900009466,0.0787055005947417,0.07482200305795818
0.07598705355352307,0.08466019352573019,0.08530743900009466,0.0787055005947417
0.08051779656467105,0.07598705355352307,0.08466019352573019,0.08530743900009466
0.07197410939092633,0.08051779656467105,0.07598705355352307,0.08466019352573019
0.07404530478513131,0.07197410939092633,0.08051779656467105,0.07598705355352307
0.07145631054237508,0.07404530478513131,0.07197410939092633,0.08051779656467105
0.06886731012696969,0.07145631054237508,0.07404530478513131,0.07197410939092633
0.06239481834742994,0.06886731012696969,0.07145631054237508,0.07404530478513131
0.0585113269832956,0.06239481834742994,0.06886731012696969,0.07145631054237508
0.05177993577948023,0.0585113269832956,0.06239481834742994,0.06886731012696969
0.0548867288707877,0.05177993577948023,0.0585113269832956,0.06239481834742994
0.054498382820698854,0.0548867288707877,0.05177993577948023,0.0585113269832956
0.0502265392338265,0.054498382820698854,0.0548867288707877,0.05177993577948023
0.05177993577948023,0.0502265392338265,0.054498382820698854,0.0548867288707877
0.057475729286193114,0.05177993577948023,0.0502265392338265,0.054498382820698854
0.05113268413246659,0.057475729286193114,0.05177993577948023,0.0502265392338265
0.055533980517801354,0.05113268413246659,0.057475729286193114,0.05177993577948023
0.05877022640757122,0.055533980517801354,0.05113268413246659,0.057475729286193114
0.0548867288707877,0.05877022640757122,0.055533980517801354,0.05113268413246659
0.053203885699320747,0.0548867288707877,0.05877022640757122,0.055533980517801354
0.04983818701108847,0.053203885699320747,0.0548867288707877,0.05877022640757122
0.04582524284849174,0.04983818701108847,0.053203885699320747,0.0548867288707877
0.046472488322856206,0.04582524284849174,0.04983818701108847,0.053203885699320747
0.052815533476582716,0.046472488322856206,0.04582524284849174,0.04983818701108847
0.0502265392338265,0.052815533476582716,0.046472488322856206,0.04582524284849174
0.05993527690313612,0.0502265392338265,0.052815533476582716,0.046472488322856206
0.06226537172161671,0.05993527690313612,0.0502265392338265,0.052815533476582716
0.05462782944651208,0.06226537172161671,0.05993527690313612,0.0502265392338265
0.05423948339642323,0.05462782944651208,0.06226537172161671,0.05993527690313612
0.05540452771933896,0.05423948339642323,0.05462782944651208,0.06226537172161671
0.06045307575168736,0.05540452771933896,0.05423948339642323,0.05462782944651208
0.06368932164145723,0.06045307575168736,0.05540452771933896,0.05423948339642323
0.07223300881520195,0.06368932164145723,0.06045307575168736,0.05540452771933896
0.08194174648451157,0.07223300881520195,0.06368932164145723,0.06045307575168736
0.08245954533306281,0.08194174648451157,0.07223300881520195,0.06368932164145723
0.09022653423398067,0.08245954533306281,0.08194174648451157,0.07223300881520195
0.08375404245444093,0.09022653423398067,0.08245954533306281,0.08194174648451157
0.0776699028976392,0.08375404245444093,0.09022653423398067,0.08245954533306281
0.07197410939092633,0.0776699028976392,0.08375404245444093,0.09022653423398067
0.08414239467717895,0.07197410939092633,0.0776699028976392,0.08375404245444093
0.08737864056694881,0.08414239467717895,0.07197410939092633,0.0776699028976392
0.08634304286984633,0.08737864056694881,0.08414239467717895,0.07197410939092633
0.08647248949565955,0.08634304286984633,0.08737864056694881,0.08414239467717895
0.0919093835780968,0.08647248949565955,0.08634304286984633,0.08737864056694881
0.09669902601352041,0.0919093835780968,0.08647248949565955,0.08634304286984633
0.09747573045899645,0.09669902601352041,0.0919093835780968,0.08647248949565955
0.09864078095456134,0.09747573045899645,0.09669902601352041,0.0919093835780968
0.10433656828862505,0.09864078095456134,0.09747573045899645,0.09669902601352041
0.0970226580096764,0.10433656828862505,0.09864078095456134,0.09747573045899645
0.10951455677413749,0.0970226580096764,0.10433656828862505,0.09864078095456134
0.1148220104034107,0.10951455677413749,0.0970226580096764,0.10433656828862505
0.12012945168738554,0.1148220104034107,0.10951455677413749,0.0970226580096764
0.11792880349471815,0.12012945168738554,0.1148220104034107,0.10951455677413749
0.11029126121961351,0.11792880349471815,0.12012945168738554,0.1148220104034107
0.09967637865166383,0.11029126121961351,0.11792880349471815,0.12012945168738554
0.09877022140772539,0.09967637865166383,0.11029126121961351,0.11792880349471815
0.08543689179855705,0.09877022140772539,0.09967637865166383,0.11029126121961351
0.08220064590878719,0.08543689179855705,0.09877022140772539,0.09967637865166383
0.0834951430301653,0.08220064590878719,0.08543689179855705,0.09877022140772539
0.0859546906471083,0.0834951430301653,0.08220064590878719,0.08543689179855705
0.08776698661703766,0.0859546906471083,0.0834951430301653,0.08220064590878719
0.07948219886756856,0.08776698661703766,0.0859546906471083,0.0834951430301653
0.08181229368604917,0.07948219886756856,0.08776698661703766,0.0859546906471083
0.08077669598894667,0.08181229368604917,0.07948219886756856,0.08776698661703766
0.08440129410145457,0.08077669598894667,0.08181229368604917,0.07948219886756856
0.08025889714039543,0.08440129410145457,0.08077669598894667,0.08181229368604917
0.07741100347336358,0.08025889714039543,0.08440129410145457,0.08077669598894667
0.07443365700786933,0.07741100347336358,0.08025889714039543,0.08440129410145457
0.07637540577626109,0.07443365700786933,0.07741100347336358,0.08025889714039543
0.08815533883977568,0.07637540577626109,0.07443365700786933,0.07741100347336358
0.09851132815609893,0.08815533883977568,0.07637540577626109,0.07443365700786933
0.10122977519731757,0.09851132815609893,0.08815533883977568,0.07637540577626109
0.09035598703244306,0.10122977519731757,0.09851132815609893,0.08815533883977568
0.0894498359611538,0.09035598703244306,0.10122977519731757,0.09851132815609893
0.0871197411426732,0.0894498359611538,0.09035598703244306,0.10122977519731757
0.07760517649840801,0.0871197411426732,0.0894498359611538,0.09035598703244306
0.07598705355352307,0.07760517649840801,0.0871197411426732,0.0894498359611538
0.07210355601673955,0.07598705355352307,0.07760517649840801,0.0871197411426732
0.07404530478513131,0.07210355601673955,0.07598705355352307,0.07760517649840801
0.07365695873504247,0.07404530478513131,0.07210355601673955,0.07598705355352307
0.07352750593658007,0.07365695873504247,0.07404530478513131,0.07210355601673955
0.07831714837200367,0.07352750593658007,0.07365695873504247,0.07404530478513131
0.0799999977161198,0.07831714837200367,0.07352750593658007,0.07365695873504247
0.08660194229412195,0.0799999977161198,0.07831714837200367,0.07352750593658007
0.08336569640435208,0.08660194229412195,0.0799999977161198,0.07831714837200367
0.08233009870724958,0.08336569640435208,0.08660194229412195,0.0799999977161198
0.08466019352573019,0.08233009870724958,0.08336569640435208,0.08660194229412195
0.08983818818389182,0.08466019352573019,0.08233009870724958,0.08336569640435208
0.08543689179855705,0.08983818818389182,0.08466019352573019,0.08233009870724958
0.08427184130299217,0.08543689179855705,0.08983818818389182,0.08466019352573019
0.07656957880130551,0.08427184130299217,0.08543689179855705,0.08983818818389182
0.07430420420940693,0.07656957880130551,0.08427184130299217,0.08543689179855705
0.0717152099666507,0.07430420420940693,0.07656957880130551,0.08427184130299217
0.07106795831963707,0.0717152099666507,0.07430420420940693,0.07656957880130551
0.07430420420940693,0.07106795831963707,0.0717152099666507,0.07430420420940693
0.06614886925840023,0.07430420420940693,0.07106795831963707,0.0717152099666507
0.06977346119825895,0.06614886925840023,0.07430420420940693,0.07106795831963707
0.06757281300559156,0.06977346119825895,0.06614886925840023,0.07430420420940693
0.06498381876283534,0.06757281300559156,0.06977346119825895,0.06614886925840023
0.06381876826727045,0.06498381876283534,0.06757281300559156,0.06977346119825895
0.06705501415704032,0.06381876826727045,0.06498381876283534,0.06757281300559156
0.06990291399672134,0.06705501415704032,0.06381876826727045,0.06498381876283534
0.08233009870724958,0.06990291399672134,0.06705501415704032,0.06381876826727045
0.08297734418161405,0.08233009870724958,0.06990291399672134,0.06705501415704032
0.0801294505145822,0.08297734418161405,0.08233009870724958,0.06990291399672134
0.08284789755580083,0.0801294505145822,0.08297734418161405,0.08233009870724958
0.08077669598894667,0.08284789755580083,0.0801294505145822,0.08297734418161405
0.0750809024822338,0.08077669598894667,0.08284789755580083,0.0801294505145822
0.06757281300559156,0.0750809024822338,0.08077669598894667,0.08284789755580083
0.06291262336863036,0.06757281300559156,0.0750809024822338,0.08077669598894667
0.06653721530848908,0.06291262336863036,0.06757281300559156,0.0750809024822338
0.06601941645993784,0.06653721530848908,0.06291262336863036,0.06757281300559156
0.060582522377500586,0.06601941645993784,0.06653721530848908,0.06291262336863036
0.05501618166925011,0.060582522377500586,0.06601941645993784,0.06653721530848908
0.06174757287306547,0.05501618166925011,0.060582522377500586,0.06601941645993784
0.06071197517596298,0.06174757287306547,0.05501618166925011,0.060582522377500586
0.05812297476055758,0.06071197517596298,0.06174757287306547,0.05501618166925011
0.05915857245766007,0.05812297476055758,0.06071197517596298,0.06174757287306547
0.051909382405293455,0.05915857245766007,0.05812297476055758,0.06071197517596298
0.05152103635520461,0.051909382405293455,0.05915857245766007,0.05812297476055758
0.049320388162537226,0.05152103635520461,0.051909382405293455,0.05915857245766007
0.04310679580727311,0.049320388162537226,0.05152103635520461,0.051909382405293455
0.043236245519410924,0.04310679580727311,0.049320388162537226,0.05152103635520461
0.04880258931398598,0.043236245519410924,0.04310679580727311,0.049320388162537226
0.04893203593979921,0.04880258931398598,0.043236245519410924,0.04310679580727311
0.0466019411213186,0.04893203593979921,0.04880258931398598,0.043236245519410924
0.046472488322856206,0.0466019411213186,0.04893203593979921,0.04880258931398598
0.05177993577948023,0.046472488322856206,0.0466019411213186,0.04893203593979921
0.05087378470819097,0.05177993577948023,0.046472488322856206,0.0466019411213186
0.055792879942076976,0.05087378470819097,0.05177993577948023,0.046472488322856206
0.051909382405293455,0.055792879942076976,0.05087378470819097,0.05177993577948023
0.04828479046543474,0.051909382405293455,0.055792879942076976,0.05087378470819097
0.046213588898580585,0.04828479046543474,0.051909382405293455,0.055792879942076976
0.048155337666972345,0.046213588898580585,0.04828479046543474,0.051909382405293455
0.04582524284849174,0.048155337666972345,0.046213588898580585,0.04828479046543474
0.045566343424216116,0.04582524284849174,0.048155337666972345,0.046213588898580585
0.044271846302837994,0.045566343424216116,0.04582524284849174,0.048155337666972345
0.045307443999940494,0.044271846302837994,0.045566343424216116,0.04582524284849174
0.043624594655824356,0.045307443999940494,0.044271846302837994,0.045566343424216116
0.04077669790246792,0.043624594655824356,0.045307443999940494,0.044271846302837994
0.04103559732674354,0.04077669790246792,0.043624594655824356,0.045307443999940494
0.04116504703888135,0.04103559732674354,0.04077669790246792,0.043624594655824356
0.04116504703888135,0.04116504703888135,0.04103559732674354,0.04077669790246792
0.0405177984781923,0.04116504703888135,0.04116504703888135,0.04103559732674354
0.03922330135681418,0.0405177984781923,0.04116504703888135,0.04116504703888135
0.0358576057549065,0.03922330135681418,0.0405177984781923,0.04116504703888135
0.034174756410790375,0.0358576057549065,0.03922330135681418,0.0405177984781923
0.0358576057549065,0.034174756410790375,0.0358576057549065,0.03922330135681418
0.03546925661849307,0.0358576057549065,0.034174756410790375,0.0358576057549065
0.03521035410789286,0.03546925661849307,0.0358576057549065,0.034174756410790375
0.04181229868589499,0.03521035410789286,0.03546925661849307,0.0358576057549065
0.046213588898580585,0.04181229868589499,0.03521035410789286,0.03546925661849307
0.04699029334405662,0.046213588898580585,0.04181229868589499,0.03521035410789286
0.0548867288707877,0.04699029334405662,0.046213588898580585,0.04181229868589499
0.06459546654009732,0.0548867288707877,0.04699029334405662,0.046213588898580585
0.06110032122605183,0.06459546654009732,0.0548867288707877,0.04699029334405662
0.07119741111809946,0.06110032122605183,0.06459546654009732,0.0548867288707877
0.06951456177398332,0.07119741111809946,0.06110032122605183,0.06459546654009732
0.07456310363368256,0.06951456177398332,0.07119741111809946,0.06110032122605183
0.06550161761138659,0.07456310363368256,0.06951456177398332,0.07119741111809946
0.06640776868267585,0.06550161761138659,0.07456310363368256,0.06951456177398332
0.07184465659246393,0.06640776868267585,0.06550161761138659,0.07456310363368256
0.07546925470497182,0.07184465659246393,0.06640776868267585,0.06550161761138659
0.07106795831963707,0.07546925470497182,0.07184465659246393,0.06640776868267585
0.07223300881520195,0.07106795831963707,0.07546925470497182,0.07184465659246393
0.07093851169382384,0.07223300881520195,0.07106795831963707,0.07546925470497182
0.07352750593658007,0.07093851169382384,0.07223300881520195,0.07106795831963707
0.06847896407688084,0.07352750593658007,0.07093851169382384,0.07223300881520195
0.07275080766375319,0.06847896407688084,0.07352750593658007,0.07093851169382384
0.08038834993885782,0.07275080766375319,0.06847896407688084,0.07352750593658007
0.08854368488986453,0.08038834993885782,0.07275080766375319,0.06847896407688084
0.0801294505145822,0.08854368488986453,0.08038834993885782,0.07275080766375319
0.07805824894772805,0.0801294505145822,0.08854368488986453,0.08038834993885782
0.07702265125062556,0.07805824894772805,0.0801294505145822,0.08854368488986453
0.07598705355352307,0.07702265125062556,0.07805824894772805,0.0801294505145822
0.06472491933855971,0.07598705355352307,0.07702265125062556,0.07805824894772805
0.06291262336863036,0.06472491933855971,0.07598705355352307,0.07702265125062556
0.06239481834742994,0.06291262336863036,0.06472491933855971,0.07598705355352307
0.0679611652283296,0.06239481834742994,0.06291262336863036,0.06472491933855971
0.07779934952345242,0.0679611652283296,0.06239481834742994,0.06291262336863036
0.07391585815931809,0.07779934952345242,0.0679611652283296,0.06239481834742994
0.07689320462481233,0.07391585815931809,0.07779934952345242,0.0679611652283296
0.07210355601673955,0.07689320462481233,0.07391585815931809,0.07779934952345242
0.07378640536085569,0.07210355601673955,0.07689320462481233,0.07391585815931809
0.07404530478513131,0.07378640536085569,0.07210355601673955,0.07689320462481233
0.06757281300559156,0.07404530478513131,0.07378640536085569,0.07210355601673955
0.0693851151481701,0.06757281300559156,0.07404530478513131,0.07378640536085569
0.07249190823947757,0.0693851151481701,0.06757281300559156,0.07404530478513131
0.07106795831963707,0.07249190823947757,0.0693851151481701,0.06757281300559156
0.07158575716818831,0.07106795831963707,0.07249190823947757,0.0693851151481701
0.07365695873504247,0.07158575716818831,0.07106795831963707,0.07249190823947757
0.07404530478513131,0.07365695873504247,0.07158575716818831,0.07106795831963707
0.07145631054237508,0.07404530478513131,0.07365695873504247,0.07158575716818831
0.07313915988649122,0.07145631054237508,0.07404530478513131,0.07365695873504247
0.06317152279290598,0.07313915988649122,0.07145631054237508,0.07404530478513131
0.06019417632741174,0.06317152279290598,0.07313915988649122,0.07145631054237508
0.07249190823947757,0.06019417632741174,0.06317152279290598,0.07313915988649122
0.08077669598894667,0.07249190823947757,0.06019417632741174,0.06317152279290598
0.07818770174619044,0.08077669598894667,0.07249190823947757,0.06019417632741174
0.08284789755580083,0.07818770174619044,0.08077669598894667,0.07249190823947757
0.09644013276189396,0.08284789755580083,0.07818770174619044,0.08077669598894667
0.10226537289442006,0.09644013276189396,0.08284789755580083,0.07818770174619044
0.10899675792558627,0.10226537289442006,0.09644013276189396,0.08284789755580083
0.09644013276189396,0.10899675792558627,0.10226537289442006,0.09644013276189396
0.11417475875639706,0.09644013276189396,0.10899675792558627,0.10226537289442006
0.10330097059152255,0.11417475875639706,0.09644013276189396,0.10899675792558627
0.09566342831641791,0.10330097059152255,0.11417475875639706,0.09644013276189396
0.096569573215058,0.09566342831641791,0.10330097059152255,0.11417475875639706
0.11106795331979123,0.096569573215058,0.09566342831641791,0.10330097059152255
0.10990291516952469,0.11106795331979123,0.096569573215058,0.09566342831641791
0.12090614378756323,0.10990291516952469,0.11106795331979123,0.096569573215058
0.11676375299915326,0.12090614378756323,0.10990291516952469,0.11106795331979123
0.11533980925196194,0.11676375299915326,0.12090614378756323,0.10990291516952469
0.11003235562268872,0.11533980925196194,0.11676375299915326,0.12090614378756323
0.11016180842115114,0.11003235562268872,0.11533980925196194,0.11676375299915326
0.1285436860626679,0.11016180842115114,0.11003235562268872,0.11533980925196194
0.15184465893807061,0.1285436860626679,0.11016180842115114,0.11003235562268872
0.15145631288798178,0.15184465893807061,0.1285436860626679,0.11016180842115114
0.16634303904280384,0.15145631288798178,0.15184465893807061,0.1285436860626679
0.16608413344587905,0.16634303904280384,0.15145631288798178,0.15184465893807061
0.15896440236462397,0.16608413344587905,0.16634303904280384,0.15145631288798178
0.1656957873957902,0.15896440236462397,0.16608413344587905,0.16634303904280384
0.14834950745137596,0.1656957873957902,0.15896440236462397,0.16608413344587905
0.1326860768510778,0.14834950745137596,0.1656957873957902,0.15896440236462397
0.12776699396249017,0.1326860768510778,0.14834950745137596,0.1656957873957902
0.12608414461837406,0.12776699396249017,0.1326860768510778,0.14834950745137596
0.130226535406784,0.12608414461837406,0.12776699396249017,0.1326860768510778
0.13281552964954024,0.130226535406784,0.12608414461837406,0.12776699396249017
0.14485436830997964,0.13281552964954024,0.130226535406784,0.12608414461837406
0.14640776485563337,0.14485436830997964,0.13281552964954024,0.130226535406784
0.12776699396249017,0.14640776485563337,0.14485436830997964,0.13281552964954024
0.14407766386450357,0.12776699396249017,0.14640776485563337,0.14485436830997964
0.13061488145687286,0.14407766386450357,0.12776699396249017,0.14640776485563337
0.13190938475090014,0.13061488145687286,0.14407766386450357,0.12776699396249017
0.14097087077319612,0.13190938475090014,0.13061488145687286,0.14407766386450357
0.127378635567103,0.14097087077319612,0.13190938475090014,0.13061488145687286
0.1396763674791688,0.127378635567103,0.14097087077319612,0.13190938475090014
0.15055015564404334,0.1396763674791688,0.127378635567103,0.14097087077319612
0.130226535406784,0.15055015564404334,0.1396763674791688,0.127378635567103
0.12893203211275672,0.130226535406784,0.15055015564404334,0.1396763674791688
0.13501617784220765,0.12893203211275672,0.130226535406784,0.15055015564404334
0.13203883754936258,0.13501617784220765,0.12893203211275672,0.130226535406784
0.1408414179747337,0.13203883754936258,0.13501617784220765,0.12893203211275672
0.13488672504374524,0.1408414179747337,0.13203883754936258,0.13501617784220765
0.13501617784220765,0.13488672504374524,0.1408414179747337,0.13203883754936258
0.14951455794694082,0.13501617784220765,0.13488672504374524,0.1408414179747337
0.13760517208496384,0.14951455794694082,0.13501617784220765,0.13488672504374524
0.1374757316317998,0.13760517208496384,0.14951455794694082,0.13501617784220765
0.13488672504374524,0.1374757316317998,0.13760517208496384,0.14951455794694082
0.1329449824480026,0.13488672504374524,0.1374757316317998,0.13760517208496384
0.14731390975427344,0.1329449824480026,0.13488672504374524,0.1374757316317998
0.1469255637041846,0.14731390975427344,0.1329449824480026,0.13488672504374524
0.15223300498815945,0.1469255637041846,0.14731390975427344,0.1329449824480026
0.1431715189658635,0.15223300498815945,0.1469255637041846,0.14731390975427344
0.12983818935669514,0.1431715189658635,0.15223300498815945,0.1469255637041846
0.1326860768510778,0.12983818935669514,0.1431715189658635,0.15223300498815945
0.12660194346692527,0.1326860768510778,0.12983818935669514,0.1431715189658635
0.12815534001257903,0.12660194346692527,0.1326860768510778,0.12983818935669514
0.12530744017289802,0.12815534001257903,0.12660194346692527,0.1326860768510778
0.12414238967733313,0.12530744017289802,0.12815534001257903,0.12660194346692527
0.12440129527425792,0.12414238967733313,0.12530744017289802,0.12815534001257903
0.1229773391817682,0.12440129527425792,0.12414238967733313,0.12530744017289802
0.1206472505359368,0.1229773391817682,0.12440129527425792,0.12414238967733313
0.12621358507153807,0.1206472505359368,0.1229773391817682,0.12440129527425792
0.137216826034875,0.12621358507153807,0.1206472505359368,0.1229773391817682
0.1427831729157746,0.137216826034875,0.12621358507153807,0.1206472505359368
0.1370873732364126,0.1427831729157746,0.137216826034875,0.12621358507153807
0.14174757521867218,0.1370873732364126,0.1427831729157746,0.137216826034875
0.13100323985226006,0.14174757521867218,0.1370873732364126,0.1427831729157746
0.14239481452038744,0.13100323985226006,0.14174757521867218,0.1370873732364126
0.14097087077319612,0.14239481452038744,0.13100323985226006,0.14174757521867218
0.14252426731884985,0.14097087077319612,0.14239481452038744,0.13100323985226006
0.14459546271305485,0.14252426731884985,0.14097087077319612,0.14239481452038744
0.16440129644706128,0.14459546271305485,0.14252426731884985,0.14097087077319612
0.16750808953836874,0.16440129644706128,0.14459546271305485,0.14252426731884985
0.16686083789135508,0.16750808953836874,0.16440129644706128,0.14459546271305485
0.19197410056403802,0.16686083789135508,0.16750808953836874,0.16440129644706128
0.20983819170230184,0.19197410056403802,0.16686083789135508,0.16750808953836874
0.21825242607758416,0.20983819170230184,0.19197410056403802,0.16686083789135508
0.22006471587486437,0.21825242607758416,0.20983819170230184,0.19197410056403802
0.25423948926043993,0.22006471587486437,0.21825242607758416,0.20983819170230184
0.23909385750869308,0.25423948926043993,0.22006471587486437,0.21825242607758416
0.23080905124127646,0.23909385750869308,0.25423948926043993,0.22006471587486437
0.22822006934381858,0.23080905124127646,0.23909385750869308,0.25423948926043993
0.2366343037191009,0.22822006934381858,0.23080905124127646,0.23909385750869308
0.23067959844281402,0.2366343037191009,0.22822006934381858,0.23080905124127646
0.22951454794724918,0.23067959844281402,0.2366343037191009,0.22822006934381858
0.21721682838048167,0.22951454794724918,0.23067959844281402,0.2366343037191009
0.22394822575694623,0.21721682838048167,0.22951454794724918,0.23067959844281402
0.23042071753648596,0.22394822575694623,0.21721682838048167,0.22951454794724918
0.21941747657314906,0.23042071753648596,0.22394822575694623,0.21721682838048167
0.22951454794724918,0.21941747657314906,0.23042071753648596,0.22394822575694623
0.23132686243512604,0.22951454794724918,0.21941747657314906,0.23042071753648596
0.2275728053515066,0.23132686243512604,0.22951454794724918,0.21941747657314906
0.2242071066632743,0.2275728053515066,0.23132686243512604,0.22951454794724918
0.22213591126906934,0.2242071066632743,0.2275728053515066,0.23132686243512604
0.2130744375920717,0.22213591126906934,0.2242071066632743,0.2275728053515066
0.20284788872891252,0.2130744375920717,0.22213591126906934,0.2242071066632743
0.21288024604907976,0.20284788872891252,0.2130744375920717,0.22213591126906934
0.2031067943258373,0.21288024604907976,0.20284788872891252,0.2130744375920717
0.18576051438142308,0.2031067943258373,0.21288024604907976,0.20284788872891252
0.18873785467426812,0.18576051438142308,0.2031067943258373,0.21288024604907976
0.1813592179960883,0.18873785467426812,0.18576051438142308,0.2031067943258373
0.16893203328556006,0.1813592179960883,0.18873785467426812,0.18576051438142308
0.1611650505572914,0.16893203328556006,0.1813592179960883,0.18873785467426812
0.1431715189658635,0.1611650505572914,0.16893203328556006,0.1813592179960883
0.13488672504374524,0.1431715189658635,0.1611650505572914,0.16893203328556006
0.13048542865841045,0.13488672504374524,0.1431715189658635,0.1611650505572914
0.12815534001257903,0.13048542865841045,0.13488672504374524,0.1431715189658635
0.13553397669075887,0.12815534001257903,0.13048542865841045,0.13488672504374524
0.12569578622298685,0.13553397669075887,0.12815534001257903,0.13048542865841045
0.12582523902144924,0.12569578622298685,0.13553397669075887,0.12815534001257903
0.127378635567103,0.12582523902144924,0.12569578622298685,0.13553397669075887
0.15080906124096813,0.127378635567103,0.12582523902144924,0.12569578622298685
0.14757281535119826,0.15080906124096813,0.127378635567103,0.12582523902144924
0.1385113293289023,0.14757281535119826,0.15080906124096813,0.127378635567103
0.13449837899365638,0.1385113293289023,0.14757281535119826,0.15080906124096813
0.13372167454818032,0.13449837899365638,0.1385113293289023,0.14757281535119826
0.1370873732364126,0.13372167454818032,0.13449837899365638,0.1385113293289023
0.13889967537899112,0.1370873732364126,0.13372167454818032,0.13449837899365638
0.13333332849809149,0.13889967537899112,0.1370873732364126,0.13372167454818032
0.12284789872860416,0.13333332849809149,0.13889967537899112,0.1370873732364126
0.12802588721411662,0.12284789872860416,0.13333332849809149,0.13889967537899112
0.12466018852588437,0.12802588721411662,0.12284789872860416,0.13333332849809149
0.13359223409501628,0.12466018852588437,0.12802588721411662,0.12284789872860416
0.13100323985226006,0.13359223409501628,0.12466018852588437,0.12802588721411662
0.133074435246465,0.13100323985226006,0.13359223409501628,0.12466018852588437
0.12673138392008934,0.133074435246465,0.13100323985226006,0.13359223409501628
0.12129450218295043,0.12673138392008934,0.133074435246465,0.13100323985226006
0.11559870250358842,0.12129450218295043,0.12673138392008934,0.133074435246465
0.11119740611825363,0.11559870250358842,0.12129450218295043,0.12673138392008934
0.11145631171517842,0.11119740611825363,0.11559870250358842,0.12129450218295043
0.1088673174724222,0.11145631171517842,0.11119740611825363,0.11559870250358842
0.10834951862387095,0.1088673174724222,0.11145631171517842,0.11119740611825363
0.11365695990784579,0.10834951862387095,0.1088673174724222,0.11145631171517842
0.11236245661381854,0.11365695990784579,0.10834951862387095,0.1088673174724222
0.11948220004037191,0.11236245661381854,0.11365695990784579,0.10834951862387095
0.10524271318726514,0.11948220004037191,0.11236245661381854,0.11365695990784579
0.10893203152635506,0.10524271318726514,0.11948220004037191,0.11236245661381854
0.10822006582540855,0.10893203152635506,0.10524271318726514,0.11948220004037191
0.11999999888892313,0.10822006582540855,0.10893203152635506,0.10524271318726514
0.123236244778693,0.11999999888892313,0.10822006582540855,0.10893203152635506
0.12310679198023061,0.123236244778693,0.11999999888892313,0.10822006582540855
0.1133333279116898,0.12310679198023061,0.123236244778693,0.11999999888892313
0.11067960726970238,0.1133333279116898,0.12310679198023061,0.123236244778693
0.11003235562268872,0.11067960726970238,0.1133333279116898,0.12310679198023061
0.11352750710938338,0.11003235562268872,0.11067960726970238,0.1133333279116898
0.11676375299915326,0.11352750710938338,0.11003235562268872,0.11067960726970238
0.10601941763274117,0.11676375299915326,0.11352750710938338,0.11003235562268872
0.10576051203581638,0.10601941763274117,0.11676375299915326,0.11352750710938338
0.10640776368283002,0.10576051203581638,0.10601941763274117,0.11676375299915326
0.11676375299915326,0.10640776368283002,0.10576051203581638,0.10601941763274117
0.12970873655823273,0.11676375299915326,0.10640776368283002,0.10576051203581638
0.12828479281104144,0.12970873655823273,0.11676375299915326,0.10640776368283002
0.11831714954480702,0.12828479281104144,0.12970873655823273,0.11676375299915326
0.11508090365503715,0.11831714954480702,0.12828479281104144,0.12970873655823273
0.11598704855367724,0.11508090365503715,0.11831714954480702,0.12828479281104144
0.1181876967463446,0.11598704855367724,0.11508090365503715,0.11831714954480702
0.12375404362724426,0.1181876967463446,0.11598704855367724,0.11508090365503715
0.13786407768188863,0.12375404362724426,0.1181876967463446,0.11598704855367724
0.13902912817745353,0.13786407768188863,0.12375404362724426,0.1181876967463446
0.13411003294356752,0.13902912817745353,0.13786407768188863,0.12375404362724426
0.13488672504374524,0.13411003294356752,0.13902912817745353,0.13786407768188863
0.12466018852588437,0.13488672504374524,0.13411003294356752,0.13902912817745353
0.12375404362724426,0.12466018852588437,0.13488672504374524,0.13411003294356752
0.12569578622298685,0.12375404362724426,0.12466018852588437,0.13488672504374524
0.11831714954480702,0.12569578622298685,0.12375404362724426,0.12466018852588437
0.11754044509933098,0.11831714954480702,0.12569578622298685,0.12375404362724426
0.12983818935669514,0.11754044509933098,0.11831714954480702,0.12569578622298685
0.12310679198023061,0.12983818935669514,0.11754044509933098,0.11831714954480702
0.12724918276864058,0.12310679198023061,0.12983818935669514,0.11754044509933098
0.1381229709335151,0.12724918276864058,0.12310679198023061,0.12983818935669514
0.1361812283377725,0.1381229709335151,0.12724918276864058,0.12310679198023061
0.14174757521867218,0.1361812283377725,0.1381229709335151,0.12724918276864058
0.1471844693011094,0.14174757521867218,0.1361812283377725,0.1381229709335151
0.14459546271305485,0.1471844693011094,0.14174757521867218,0.1361812283377725
0.15805824512068556,0.14459546271305485,0.1471844693011094,0.14174757521867218
0.15987054726326408,0.15805824512068556,0.14459546271305485,0.1471844693011094
0.154045307130738,0.15987054726326408,0.15805824512068556,0.14459546271305485
0.1698381905294985,0.154045307130738,0.15987054726326408,0.15805824512068556
0.18576051438142308,0.1698381905294985,0.154045307130738,0.15987054726326408
0.1875728165240016,0.18576051438142308,0.1698381905294985,0.154045307130738
0.1826537212901156,0.1875728165240016,0.18576051438142308,0.1698381905294985
0.18420711783576932,0.1826537212901156,0.1875728165240016,0.18576051438142308
0.1965048497478352,0.18420711783576932,0.1826537212901156,0.1875728165240016
0.17307443641926837,0.1965048497478352,0.18420711783576932,0.1826537212901156
0.17365694932175246,0.17307443641926837,0.1965048497478352,0.18420711783576932
0.18886730747273053,0.17365694932175246,0.17307443641926837,0.1965048497478352
0.19546925205073268,0.18886730747273053,0.17365694932175246,0.17307443641926837
0.19391585550507895,0.19546925205073268,0.18886730747273053,0.17365694932175246
0.203883486426015,0.19391585550507895,0.19546925205073268,0.18886730747273053
0.20750809071117207,0.203883486426015,0.19391585550507895,0.19546925205073268
0.204530750418327,0.20750809071117207,0.203883486426015,0.19391585550507895
0.20841423560981215,0.204530750418327,0.20750809071117207,0.203883486426015
0.22174757756427885,0.20841423560981215,0.204530750418327,0.20750809071117207
0.2161812306833792,0.22174757756427885,0.20841423560981215,0.204530750418327
0.23262136572915335,0.2161812306833792,0.22174757756427885,0.20841423560981215
0.21941747657314906,0.23262136572915335,0.2161812306833792,0.22174757756427885
0.19184466011087395,0.21941747657314906,0.23262136572915335,0.2161812306833792
